file_name,page_num,item_order,text
LM10_E3872_12_31_2012_537734.pdf,3,1,"3,500"
LM10_E3872_12_31_2012_537734.pdf,3,2,"91,521"
LM10_E3872_12_31_2012_537734.pdf,3,3,"48,477,"
LM10_E4343_12_31_2006_317050.pdf,3,1,"$11,143"
LM10_E4343_12_31_2006_317050.pdf,3,2,"$13,127"
LM10_E4343_12_31_2006_317050.pdf,3,3,"13,829"
LM10_E4343_12_31_2006_317050.pdf,5,1,"$15,350"
LM10_E4343_12_31_2006_317050.pdf,5,2,"$18,642"
LM10_E4343_12_31_2006_317050.pdf,5,3,"8,211"
LM10_E4343_12_31_2006_317050.pdf,7,1,"$4,586"
LM10_E4343_12_31_2006_317050.pdf,7,2,"$8,253"
LM10_E4343_12_31_2006_317050.pdf,7,3,"516,069"
LM10_E4514_11_30_2005_290494.pdf,3,1,"($151,369.14"
LM10_E4514_11_30_2005_290494.pdf,3,2,"$66,262.79"
LM10_E4647_12_31_2017_674040.pdf,3,1,800
LM10_E4647_12_31_2017_674040.pdf,4,1,400
LM10_E4647_12_31_2017_674040.pdf,5,1,275
LM10_E4647_12_31_2017_674040.pdf,6,1,380
LM10_E4647_12_31_2017_674040.pdf,7,1,300
LM10_E4647_12_31_2017_674040.pdf,8,1,400
LM10_E4647_12_31_2017_674040.pdf,9,1,600
LM10_E4647_12_31_2017_674040.pdf,10,1,300
LM10_E4647_12_31_2017_674040.pdf,11,1,950
LM10_E4657_07_31_2015_597503.pdf,3,1,116
LM10_E4657_07_31_2015_597503.pdf,3,2,116
LM10_E4657_07_31_2015_597503.pdf,3,3,116
LM10_E4657_07_31_2015_597503.pdf,3,4,116
LM10_E4657_07_31_2015_597503.pdf,3,5,0
LM10_E4708_12_31_2005.pdf,3,1,107
LM10_E4708_12_31_2005.pdf,3,2,431
LM10_E4708_12_31_2005.pdf,3,3,0
LM10_E4708_12_31_2005.pdf,3,4,0
LM10_E4708_12_31_2005.pdf,3,5,0
LM10_E4708_12_31_2005.pdf,4,1,591
LM10_E4708_12_31_2005.pdf,4,2,0
LM10_E4708_12_31_2005.pdf,4,3,0
LM10_E4708_12_31_2005.pdf,4,4,0
LM10_E4708_12_31_2005.pdf,4,5,o
LM10_E4708_12_31_2005.pdf,5,1,"88,944"
LM10_E4708_12_31_2005.pdf,5,2,0
LM10_E4708_12_31_2005.pdf,5,3,0
LM10_E4708_12_31_2005.pdf,5,4,0
LM10_E4708_12_31_2005.pdf,5,5,0
LM10_E4721_12_31_2013_552606.pdf,3,1,50
LM10_E4721_12_31_2013_552606.pdf,3,2,300
LM10_E4721_12_31_2013_552606.pdf,3,3,596
LM10_E4721_12_31_2013_552606.pdf,3,4,212
LM10_E4721_12_31_2013_552606.pdf,3,5,447
LM10_E4721_12_31_2013_552606.pdf,4,1,213
LM10_E4721_12_31_2013_552606.pdf,5,1,"1,625"
LM10_E4721_12_31_2013_552606.pdf,5,2,596
LM10_E4721_12_31_2013_552606.pdf,5,3,343.
LM10_E4721_12_31_2013_552606.pdf,5,4,802
LM10_E4721_12_31_2013_552606.pdf,5,5,447
LM10_E4721_12_31_2013_552606.pdf,6,1,"7,40"
LM10_E4721_12_31_2013_552606.pdf,6,2,.447
LM10_E4721_12_31_2013_552606.pdf,6,3,"1,259"
LM10_E4721_12_31_2013_552606.pdf,6,4,567
LM10_E4721_12_31_2013_552606.pdf,7,1,"2,365"
LM10_E4721_12_31_2013_552606.pdf,7,2,143
LM10_E4721_12_31_2013_552606.pdf,7,3,"447,"
LM10_E4721_12_31_2013_552606.pdf,7,4,157
LM10_E4721_12_31_2013_552606.pdf,7,5,447
LM10_E4721_12_31_2013_552606.pdf,9,1,"469,"
LM10_E4721_12_31_2013_552606.pdf,9,2,"2,365"
LM10_E4721_12_31_2013_552606.pdf,9,3,217;
LM10_E4721_12_31_2013_552606.pdf,9,4,596
LM10_E4721_12_31_2013_552606.pdf,9,5,728
LM10_E4721_12_31_2013_552606.pdf,10,1,447
LM10_E4721_12_31_2013_552606.pdf,10,2,278
LM10_E4721_12_31_2013_552606.pdf,10,3,628
LM10_E4721_12_31_2013_552606.pdf,10,4,263
LM10_E4721_12_31_2013_552606.pdf,10,5,447
LM10_E4721_12_31_2013_552606.pdf,10,6,"1,005"
LM10_E4721_12_31_2013_552606.pdf,11,1,480
LM10_E4721_12_31_2013_552606.pdf,11,2,174
LM10_E4721_12_31_2013_552606.pdf,11,3,596
LM10_E4721_12_31_2013_552606.pdf,11,4,.157
LM10_E4721_12_31_2013_552606.pdf,11,5,105
LM10_E4721_12_31_2013_552606.pdf,12,1,745
LM10_E4721_12_31_2013_552606.pdf,12,2,532
LM10_E4721_12_31_2013_552606.pdf,12,3,135
LM10_E4721_12_31_2013_552606.pdf,12,4,447
LM10_E4773_12_31_2008_390130.pdf,3,1,825
LM10_E4773_12_31_2008_390130.pdf,3,2,700
LM10_E4773_12_31_2008_390130.pdf,3,3,"2,151"
LM10_E4773_12_31_2008_390130.pdf,6,1,800
LM10_E4773_12_31_2008_390130.pdf,6,2,"1,165"
LM10_E4773_12_31_2008_390130.pdf,6,3,6
LM10_E4787_09_30_2006_308953.pdf,3,1,"1,507"
LM10_E4787_09_30_2006_308953.pdf,3,2,514
LM10_E4836_06_30_2005.pdf,3,1,0.
LM10_E4899_8_31_2012_507871.pdf,3,1,"1,168"
LM10_E4899_8_31_2012_507871.pdf,3,2,65
LM10_E4899_8_31_2012_507871.pdf,3,3,15
LM10_E4899_8_31_2012_507871.pdf,3,4,55
LM10_E4899_8_31_2012_507871.pdf,3,5,200
LM10_E4899_8_31_2012_507871.pdf,4,1,15
LM10_E4899_8_31_2012_507871.pdf,4,2,449
LM10_E4899_8_31_2012_507871.pdf,4,3,280
LM10_E4899_8_31_2012_507871.pdf,4,4,55
LM10_E4899_8_31_2012_507871.pdf,5,1,15
LM10_E4899_8_31_2012_507871.pdf,5,2,0
LM10_E4899_8_31_2012_507871.pdf,5,3,0
LM10_E4899_8_31_2012_507871.pdf,5,4,0
LM10_E4899_8_31_2012_507871.pdf,6,1,620
LM10_E4899_8_31_2012_507871.pdf,6,2,78
LM10_E4899_8_31_2012_507871.pdf,6,3,78
LM10_E4899_8_31_2012_507871.pdf,6,4,15
LM10_E4899_8_31_2012_507871.pdf,6,5,438
LM10_E4899_8_31_2012_507871.pdf,7,1,490
LM10_E4899_8_31_2012_507871.pdf,7,2,55
LM10_E4899_8_31_2012_507871.pdf,7,3,71
LM10_E4899_8_31_2012_507871.pdf,7,4,846
LM10_E4899_8_31_2012_507871.pdf,9,1,100
LM10_E4899_8_31_2012_507871.pdf,9,2,15
LM10_E4899_8_31_2012_507871.pdf,9,3,438
LM10_E4899_8_31_2012_507871.pdf,9,4,114
LM10_E4899_8_31_2012_507871.pdf,9,5,68
LM10_E4899_8_31_2012_507871.pdf,10,1,205
LM10_E4899_8_31_2012_507871.pdf,10,2,490
LM10_E4899_8_31_2012_507871.pdf,10,3,71
LM10_E4899_8_31_2012_507871.pdf,10,4,846
LM10_E4899_8_31_2012_507871.pdf,10,5,0
LM10_E4899_8_31_2012_507871.pdf,12,1,218
LM10_E4899_8_31_2012_507871.pdf,12,2,78
LM10_E4899_8_31_2012_507871.pdf,12,3,100
LM10_E4899_8_31_2012_507871.pdf,12,4,180
LM10_E4899_8_31_2012_507871.pdf,12,5,15
LM10_E4899_8_31_2012_507871.pdf,13,1,438
LM10_E4899_8_31_2012_507871.pdf,13,2,114
LM10_E4899_8_31_2012_507871.pdf,13,3,68
LM10_E4899_8_31_2012_507871.pdf,13,4,490
LM10_E4899_8_31_2012_507871.pdf,13,5,71
LM10_E4899_8_31_2012_507871.pdf,13,6,42
LM10_E4899_8_31_2012_507871.pdf,15,1,90
LM10_E4899_8_31_2012_507871.pdf,15,2,100
LM10_E4899_8_31_2012_507871.pdf,15,3,198
LM10_E4899_8_31_2012_507871.pdf,15,4,15
LM10_E4899_8_31_2012_507871.pdf,15,5,114
LM10_E4899_8_31_2012_507871.pdf,16,1,68
LM10_E4899_8_31_2012_507871.pdf,16,2,0
LM10_E4899_8_31_2012_507871.pdf,16,3,0
LM10_E4899_8_31_2012_507871.pdf,16,4,0
LM10_E4899_8_31_2012_507871.pdf,16,5,0
LM10_E4899_8_31_2012_507871.pdf,16,6,0
LM10_E4899_8_31_2012_507871.pdf,17,1,180
LM10_E4899_8_31_2012_507871.pdf,17,2,15
LM10_E4899_8_31_2012_507871.pdf,17,3,0
LM10_E4899_8_31_2012_507871.pdf,17,4,0
LM10_E4899_8_31_2012_507871.pdf,17,5,0
LM10_E4899_8_31_2012_507871.pdf,18,1,186
LM10_E4899_8_31_2012_507871.pdf,18,2,620
LM10_E4899_8_31_2012_507871.pdf,18,3,78
LM10_E4899_8_31_2012_507871.pdf,18,4,90
LM10_E4899_8_31_2012_507871.pdf,18,5,75
LM10_E4899_8_31_2012_507871.pdf,19,1,15
LM10_E4899_8_31_2012_507871.pdf,19,2,438
LM10_E4899_8_31_2012_507871.pdf,19,3,490
LM10_E4899_8_31_2012_507871.pdf,19,4,846
LM10_E4899_8_31_2012_507871.pdf,19,5,0
LM10_E4899_8_31_2012_507871.pdf,19,6,0
LM10_E4899_8_31_2012_507871.pdf,19,7,0
LM10_E4899_8_31_2012_507871.pdf,21,1,59
LM10_E4899_8_31_2012_507871.pdf,21,2,"1,539"
LM10_E4899_8_31_2012_507871.pdf,21,3,"1,062"
LM10_E4899_8_31_2012_507871.pdf,21,4,626
LM10_E4899_8_31_2012_507871.pdf,21,5,588
LM10_E4899_8_31_2012_507871.pdf,22,1,"2,027"
LM10_E4899_8_31_2012_507871.pdf,22,2,"1,461"
LM10_E4899_8_31_2012_507871.pdf,22,3,860
LM10_E4899_8_31_2012_507871.pdf,22,4,90
LM10_E4899_8_31_2012_507871.pdf,22,5,"1,607"
LM10_E4899_8_31_2012_507871.pdf,22,6,"1,169"
LM10_E4899_8_31_2012_507871.pdf,22,7,688
LM10_E4899_8_31_2012_507871.pdf,22,8,"1,521"
LM10_E4899_8_31_2012_507871.pdf,22,9,688
LM10_E4899_8_31_2012_507871.pdf,22,10,"1,169"
LM10_E4899_8_31_2012_507871.pdf,22,11,"1,122"
LM10_E4899_8_31_2012_507871.pdf,22,12,"1,198"
LM10_E4899_8_31_2012_507871.pdf,22,13,"2,065"
LM10_E4899_8_31_2012_507871.pdf,22,14,"1,461"
LM10_E4899_8_31_2012_507871.pdf,22,15,882
LM10_E4899_8_31_2012_507871.pdf,22,16,487
LM10_E4899_8_31_2012_507871.pdf,22,17,688
LM10_E4899_8_31_2012_507871.pdf,22,18,"1,169"
LM10_E4899_8_31_2012_507871.pdf,22,19,"1,652"
LM10_E4899_8_31_2012_507871.pdf,22,20,50
LM10_E4899_8_31_2012_507871.pdf,22,21,769
LM10_E4899_8_31_2012_507871.pdf,22,22,100
LM10_E4899_8_31_2012_507871.pdf,22,23,"1,652"
LM10_E4899_8_31_2012_507871.pdf,22,24,"1,169"
LM10_E4899_8_31_2012_507871.pdf,22,25,688
LM10_E4899_8_31_2012_507871.pdf,22,26,150
LM10_E4899_8_31_2012_507871.pdf,22,27,"1,936"
LM10_E4899_8_31_2012_507871.pdf,22,28,"1,461"
LM10_E4899_8_31_2012_507871.pdf,22,29,860
LM10_E4899_8_31_2012_507871.pdf,22,30,"2,065"
LM10_E4899_8_31_2012_507871.pdf,22,31,"1,261"
LM10_E4899_8_31_2012_507871.pdf,22,32,"1,652"
LM10_E4899_8_31_2012_507871.pdf,22,33,"1,169"
LM10_E4899_8_31_2012_507871.pdf,22,34,688
LM10_E4899_8_31_2012_507871.pdf,22,35,75
LM10_E4899_8_31_2012_507871.pdf,22,36,15
LM10_E4899_8_31_2012_507871.pdf,22,37,"3,522"
LM10_E4899_8_31_2012_507871.pdf,22,38,"1,652"
LM10_E4899_8_31_2012_507871.pdf,22,39,688
LM10_E4899_8_31_2012_507871.pdf,22,40,"1,169"
LM10_E4899_8_31_2012_507871.pdf,23,1,"3,544"
LM10_E4899_8_31_2012_507871.pdf,23,2,"2,065"
LM10_E4899_8_31_2012_507871.pdf,23,3,860
LM10_E4899_8_31_2012_507871.pdf,23,4,"1,461"
LM10_E4899_8_31_2012_507871.pdf,23,5,606.
LM10_E4899_8_31_2012_507871.pdf,23,6,55
LM10_E4899_8_31_2012_507871.pdf,23,7,"1,652"
LM10_E4899_8_31_2012_507871.pdf,23,8,688
LM10_E4899_8_31_2012_507871.pdf,23,9,"1,169"
LM10_E4899_8_31_2012_507871.pdf,23,10,"3,485"
LM10_E4899_8_31_2012_507871.pdf,23,11,0
LM10_E4899_8_31_2012_507871.pdf,26,1,620
LM10_E4899_8_31_2012_507871.pdf,26,2,78
LM10_E4899_8_31_2012_507871.pdf,26,3,167
LM10_E4899_8_31_2012_507871.pdf,26,4,100
LM10_E4899_8_31_2012_507871.pdf,26,5,660
LM10_E4899_8_31_2012_507871.pdf,27,1,191
LM10_E4899_8_31_2012_507871.pdf,27,2,15
LM10_E4899_8_31_2012_507871.pdf,27,3,438
LM10_E4899_8_31_2012_507871.pdf,27,4,114
LM10_E4899_8_31_2012_507871.pdf,27,5,68
LM10_E4899_8_31_2012_507871.pdf,27,6,490
LM10_E4899_8_31_2012_507871.pdf,27,7,846
LM10_E4899_8_31_2012_507871.pdf,27,8,71
LM10_E4899_8_31_2012_507871.pdf,27,9,0
LM10_E4899_8_31_2012_507871.pdf,27,10,0
LM10_E4899_8_31_2012_507871.pdf,29,1,25
LM10_E4899_8_31_2012_507871.pdf,29,2,178
LM10_E4899_8_31_2012_507871.pdf,29,3,368
LM10_E4899_8_31_2012_507871.pdf,29,4,179
LM10_E4899_8_31_2012_507871.pdf,29,5,294
LM10_E4899_8_31_2012_507871.pdf,30,1,211
LM10_E4899_8_31_2012_507871.pdf,30,2,510
LM10_E4899_8_31_2012_507871.pdf,30,3,84
LM10_E4899_8_31_2012_507871.pdf,30,4,76
LM10_E4899_8_31_2012_507871.pdf,30,5,0
LM10_E4899_8_31_2012_507871.pdf,30,6,0
LM10_E4899_8_31_2012_507871.pdf,32,1,15
LM10_E4899_8_31_2012_507871.pdf,32,2,0
LM10_E4899_8_31_2012_507871.pdf,32,3,0
LM10_E4899_8_31_2012_507871.pdf,32,4,0
LM10_E4899_8_31_2012_507871.pdf,32,5,0
LM10_E4899_8_31_2012_507871.pdf,33,1,268
LM10_E4899_8_31_2012_507871.pdf,33,2,68
LM10_E4899_8_31_2012_507871.pdf,33,3,101
LM10_E4899_8_31_2012_507871.pdf,33,4,15
LM10_E4899_8_31_2012_507871.pdf,33,5,71
LM10_E4899_8_31_2012_507871.pdf,34,1,231
LM10_E4899_8_31_2012_507871.pdf,34,2,223
LM10_E4899_8_31_2012_507871.pdf,34,3,90
LM10_E4899_8_31_2012_507871.pdf,34,4,100
LM10_E4899_8_31_2012_507871.pdf,34,5,218
LM10_E4899_8_31_2012_507871.pdf,34,6,71
LM10_E4899_8_31_2012_507871.pdf,34,7,272
LM10_E4899_8_31_2012_507871.pdf,34,8,377
LM10_E4899_8_31_2012_507871.pdf,34,9,211
LM10_E4899_8_31_2012_507871.pdf,34,10,75
LM10_E4899_8_31_2012_507871.pdf,34,11,15
LM10_E4899_8_31_2012_507871.pdf,34,12,438
LM10_E4899_8_31_2012_507871.pdf,34,13,114
LM10_E4899_8_31_2012_507871.pdf,34,14,68
LM10_E4899_8_31_2012_507871.pdf,34,15,490
LM10_E4899_8_31_2012_507871.pdf,34,16,71
LM10_E4899_8_31_2012_507871.pdf,34,17,846
LM10_E4899_8_31_2012_507871.pdf,36,1,100
LM10_E4899_8_31_2012_507871.pdf,36,2,90
LM10_E4899_8_31_2012_507871.pdf,36,3,15
LM10_E4899_8_31_2012_507871.pdf,36,4,114
LM10_E4899_8_31_2012_507871.pdf,36,5,68
LM10_E4899_8_31_2012_507871.pdf,37,1,71
LM10_E4914_08_31_2004.pdf,3,1,100
LM10_E4914_08_31_2004.pdf,3,2,42
LM10_E4914_08_31_2004.pdf,3,3,26
LM10_E4914_08_31_2004.pdf,3,4,31
LM10_E4914_08_31_2004.pdf,3,5,"1,241"
LM10_E4914_08_31_2004.pdf,5,1,103
LM10_E4914_08_31_2004.pdf,5,2,42
LM10_E4914_08_31_2004.pdf,5,3,26
LM10_E4914_08_31_2004.pdf,5,4,31
LM10_E4914_08_31_2004.pdf,5,5,39
LM10_E4914_08_31_2004.pdf,6,1,39
LM10_E4914_08_31_2004.pdf,6,2,56
LM10_E4914_08_31_2004.pdf,6,3,38
LM10_E4914_08_31_2004.pdf,6,4,250
LM10_E4914_08_31_2004.pdf,6,5,633
LM10_E4914_08_31_2004.pdf,6,6,113
LM10_E4914_08_31_2004.pdf,6,7,37
LM10_E4914_08_31_2004.pdf,6,8,26
LM10_E4914_08_31_2004.pdf,6,9,270
LM10_E4914_08_31_2004.pdf,6,10,"1,318"
LM10_E4914_08_31_2004.pdf,6,11,124
LM10_E4914_08_31_2004.pdf,7,1,163
LM10_E4914_08_31_2004.pdf,7,2,56
LM10_E4914_08_31_2004.pdf,7,3,38
LM10_E4914_08_31_2004.pdf,7,4,439
LM10_E4914_08_31_2004.pdf,7,5,682
LM10_E4914_08_31_2004.pdf,7,6,632
LM10_E4914_08_31_2004.pdf,7,7,37
LM10_E4914_08_31_2004.pdf,7,8,26
LM10_E4914_08_31_2004.pdf,7,9,575
LM10_E4914_08_31_2004.pdf,7,10,184
LM10_E4914_08_31_2004.pdf,7,11,226
LM10_E4914_08_31_2004.pdf,7,12,100
LM10_E4944_5_31_2010_435848.pdf,3,1,33
LM10_E4944_5_31_2010_435848.pdf,3,2,38
LM10_E4944_5_31_2010_435848.pdf,3,3,"1,085"
LM10_E4944_5_31_2010_435848.pdf,3,4,259
LM10_E4944_5_31_2010_435848.pdf,3,5,291
LM10_E4944_5_31_2010_435848.pdf,4,1,18
LM10_E4944_5_31_2010_435848.pdf,4,2,14
LM10_E4973_12_31_2005.pdf,3,1,"8,758"
LM10_E4973_12_31_2005.pdf,3,2,-
LM10_E4973_12_31_2005.pdf,3,3,-
LM10_E5017_12_31_2017_674852.pdf,3,1,1790
LM10_E5017_12_31_2017_674852.pdf,3,2,923
LM10_E5017_12_31_2017_674852.pdf,4,1,"46,070"
LM10_E5017_12_31_2017_674852.pdf,4,2,891
LM10_E5017_12_31_2017_674852.pdf,5,1,23.390
LM10_E5017_12_31_2017_674852.pdf,5,2,618
LM10_E5017_12_31_2017_674852.pdf,6,1,500
LM10_E5017_12_31_2017_674852.pdf,7,1,750
LM10_E5017_12_31_2017_674852.pdf,7,2,0
LM10_E5017_12_31_2017_674852.pdf,9,1,500
LM10_E5017_12_31_2017_674852.pdf,9,2,0
LM10_E5017_12_31_2017_674852.pdf,10,1,500
LM10_E5017_12_31_2017_674852.pdf,10,2,o
LM10_E5017_12_31_2017_674852.pdf,11,1,750
LM10_E5017_12_31_2017_674852.pdf,12,1,500
LM10_E5017_12_31_2017_674852.pdf,12,2,0
LM10_E5017_12_31_2017_674852.pdf,13,1,"1,1500"
LM10_E5017_12_31_2017_674852.pdf,13,2,6000
LM10_E5017_12_31_2017_674852.pdf,15,1,500
LM10_E5017_12_31_2017_674852.pdf,15,2,0
LM10_E5017_12_31_2017_674852.pdf,16,1,650
LM10_E5017_12_31_2017_674852.pdf,17,1,460
LM10_E5017_12_31_2017_674852.pdf,17,2,0
LM10_E5017_12_31_2017_674852.pdf,18,1,"1,100.0"
LM10_E5017_12_31_2017_674852.pdf,19,1,500
LM10_E5017_12_31_2017_674852.pdf,19,2,0
LM10_E5017_12_31_2017_674852.pdf,19,3,o
LM10_E5017_12_31_2017_674852.pdf,20,1,0
LM10_E5017_12_31_2017_674852.pdf,22,1,27.750
LM10_E5017_12_31_2017_674852.pdf,22,2,0
LM10_E5017_12_31_2017_674852.pdf,22,3,0
LM10_E5017_12_31_2017_674852.pdf,23,1,750
LM10_E5017_12_31_2017_674852.pdf,25,1,6000
LM10_E5017_12_31_2017_674852.pdf,25,2,0
LM10_E5017_12_31_2017_674852.pdf,26,1,500
LM10_E5017_12_31_2017_674852.pdf,26,2,150
LM10_E5017_12_31_2017_674852.pdf,26,3,0
LM10_E5017_12_31_2017_674852.pdf,27,1,750
LM10_E5017_12_31_2017_674852.pdf,27,2,o
LM10_E5017_12_31_2017_674852.pdf,28,1,500
LM10_E5017_12_31_2017_674852.pdf,28,2,0
LM10_E5017_12_31_2017_674852.pdf,28,3,0
LM10_E5017_12_31_2017_674852.pdf,29,1,0
LM10_E5017_12_31_2017_674852.pdf,30,1,"5,00"
LM10_E5017_12_31_2017_674852.pdf,30,2,0
LM10_E5017_12_31_2017_674852.pdf,31,1,600
LM10_E5017_12_31_2017_674852.pdf,31,2,0
LM10_E5017_12_31_2017_674852.pdf,32,1,750
LM10_E5017_12_31_2017_674852.pdf,32,2,0
LM10_E5017_12_31_2017_674852.pdf,32,3,0
LM10_E5017_12_31_2017_674852.pdf,33,1,"2,000"
LM10_E5017_12_31_2017_674852.pdf,34,1,500
LM10_E5017_12_31_2017_674852.pdf,34,2,0
LM10_E5017_12_31_2017_674852.pdf,34,3,0
LM10_E5017_12_31_2017_674852.pdf,35,1,"2,500"
LM10_E5017_12_31_2017_674852.pdf,35,2,0
LM10_E5017_12_31_2017_674852.pdf,36,1,890
LM10_E5017_12_31_2017_674852.pdf,36,2,o
LM10_E5017_12_31_2017_674852.pdf,36,3,to
LM10_E5091_12_31_2015_620690.pdf,4,1,$241.00
LM10_E5091_12_31_2015_620690.pdf,4,2,$227.00
LM10_E5091_12_31_2015_620690.pdf,5,1,$37.00
LM10_E5091_12_31_2015_620690.pdf,5,2,$47.00
LM10_E5091_12_31_2015_620690.pdf,5,3,$15.30
LM10_E5091_12_31_2015_620690.pdf,6,1,$140.00
LM10_E5091_12_31_2015_620690.pdf,6,2,$126.00
LM10_E5091_12_31_2015_620690.pdf,7,1,$26.10
LM10_E5091_12_31_2015_620690.pdf,7,2,$59.21
LM10_E5091_12_31_2015_620690.pdf,7,3,$224.00
LM10_E5091_12_31_2015_620690.pdf,8,1,$357.00
LM10_E5091_12_31_2015_620690.pdf,8,2,$25.00
LM10_E5091_12_31_2015_620690.pdf,9,1,$10.00
LM10_E5091_12_31_2015_620690.pdf,10,1,$10.00
LM10_E5091_12_31_2015_620690.pdf,11,1,$47.00
LM10_E5091_12_31_2015_620690.pdf,11,2,$199.00
LM10_E5091_12_31_2015_620690.pdf,12,1,$257.00
LM10_E5091_12_31_2015_620690.pdf,12,2,$108.00
LM10_E5091_12_31_2015_620690.pdf,12,3,$57.00
LM10_E5091_12_31_2015_620690.pdf,13,1,$26.10
LM10_E5091_12_31_2015_620690.pdf,13,2,$59.21
LM10_E5091_12_31_2015_620690.pdf,14,1,$14.00
LM10_E5091_12_31_2015_620690.pdf,15,1,$55.00
LM10_E5091_12_31_2015_620690.pdf,16,1,$37.00
LM10_E5091_12_31_2015_620690.pdf,17,1,$749.00
LM10_E5091_12_31_2015_620690.pdf,17,2,$47.00
LM10_E5091_12_31_2015_620690.pdf,18,1,$17.47
LM10_E5091_12_31_2015_620690.pdf,19,1,$14.00
LM10_E5091_12_31_2015_620690.pdf,20,1,$52.00
LM10_E5091_12_31_2015_620690.pdf,21,1,$37.00
LM10_E5091_12_31_2015_620690.pdf,22,1,$360.00
LM10_E5091_12_31_2015_620690.pdf,22,2,$25.00
LM10_E5091_12_31_2015_620690.pdf,22,3,$29.00
LM10_E5091_12_31_2015_620690.pdf,23,1,$59.21
LM10_E5091_12_31_2015_620690.pdf,24,1,$55.00
LM10_E5091_12_31_2015_620690.pdf,24,2,$199.00
LM10_E5091_12_31_2015_620690.pdf,25,1,$26.00
LM10_E5091_12_31_2015_620690.pdf,25,2,$355.00
LM10_E5091_12_31_2015_620690.pdf,25,3,$20.00
LM10_E5091_12_31_2015_620690.pdf,25,4,$2.00
LM10_E5091_12_31_2015_620690.pdf,25,5,$29.00
LM10_E5091_12_31_2015_620690.pdf,26,1,$37.00
LM10_E5091_12_31_2015_620690.pdf,26,2,$336.00
LM10_E5091_12_31_2015_620690.pdf,26,3,$34.00
LM10_E5091_12_31_2015_620690.pdf,26,4,$26.00
LM10_E5091_12_31_2015_620690.pdf,26,5,$84.00
LM10_E5091_12_31_2015_620690.pdf,27,1,$199.00
LM10_E5091_12_31_2015_620690.pdf,28,1,$12.02
LM10_E5091_12_31_2015_620690.pdf,28,2,$13.25
LM10_E5091_12_31_2015_620690.pdf,28,3,$662.90
LM10_E5091_12_31_2015_620690.pdf,28,4,$17.05
LM10_E5091_12_31_2015_620690.pdf,28,5,$13.63
LM10_E5091_12_31_2015_620690.pdf,29,1,$16.00
LM10_E5091_12_31_2015_620690.pdf,29,2,$18.62
LM10_E5091_12_31_2015_620690.pdf,29,3,$151.00
LM10_E5091_12_31_2015_620690.pdf,29,4,$15.00
LM10_E5091_12_31_2015_620690.pdf,29,5,$15.00
LM10_E5091_12_31_2015_620690.pdf,30,1,$13.89
LM10_E5091_12_31_2015_620690.pdf,31,1,$223.00
LM10_E5091_12_31_2015_620690.pdf,31,2,$19.00
LM10_E5091_12_31_2015_620690.pdf,31,3,$11.00
LM10_E5091_12_31_2015_620690.pdf,31,4,$10.00
LM10_E5091_12_31_2015_620690.pdf,31,5,$212.00
LM10_E5091_12_31_2015_620690.pdf,32,1,$218.00
LM10_E5091_12_31_2015_620690.pdf,32,2,$19.00
LM10_E5091_12_31_2015_620690.pdf,32,3,$36.00
LM10_E5091_12_31_2015_620690.pdf,32,4,$61.00
LM10_E5091_12_31_2015_620690.pdf,32,5,$271.00
LM10_E5091_12_31_2015_620690.pdf,33,1,$787.00
LM10_E5091_12_31_2015_620690.pdf,33,2,$429.00
LM10_E5091_12_31_2015_620690.pdf,33,3,$20.00
LM10_E5091_12_31_2015_620690.pdf,33,4,$25.00
LM10_E5091_12_31_2015_620690.pdf,33,5,$16.00
LM10_E5091_12_31_2015_620690.pdf,34,1,$5.00
LM10_E5091_12_31_2015_620690.pdf,34,2,$126.00
LM10_E5091_12_31_2015_620690.pdf,35,1,$263.00
LM10_E5091_12_31_2015_620690.pdf,36,1,$144.00
LM10_E5091_12_31_2015_620690.pdf,36,2,$20.00
LM10_E5091_12_31_2015_620690.pdf,36,3,$22.00
LM10_E5091_12_31_2015_620690.pdf,36,4,$28.00
LM10_E5091_12_31_2015_620690.pdf,36,5,$127.00
LM10_E5091_12_31_2015_620690.pdf,37,1,$18.00
LM10_E5091_12_31_2015_620690.pdf,37,2,$92.00
LM10_E5091_12_31_2015_620690.pdf,37,3,$151.00
LM10_E5091_12_31_2015_620690.pdf,38,1,$55.00
LM10_E5091_12_31_2015_620690.pdf,38,2,$199.00
LM10_E5091_12_31_2015_620690.pdf,39,1,$26.00
LM10_E5091_12_31_2015_620690.pdf,39,2,$335.00
LM10_E5091_12_31_2015_620690.pdf,39,3,$2.00
LM10_E5091_12_31_2015_620690.pdf,39,4,$20.00
LM10_E5091_12_31_2015_620690.pdf,39,5,$37.00
LM10_E5091_12_31_2015_620690.pdf,40,1,$42.00
LM10_E5091_12_31_2015_620690.pdf,41,1,$348.00
LM10_E5091_12_31_2015_620690.pdf,41,2,$34.00
LM10_E5091_12_31_2015_620690.pdf,42,1,$20.00
LM10_E5091_12_31_2015_620690.pdf,42,2,$28.00
LM10_E5091_12_31_2015_620690.pdf,42,3,$25.00
LM10_E5091_12_31_2015_620690.pdf,42,4,$36.00
LM10_E5091_12_31_2015_620690.pdf,42,5,$22.00
LM10_E5091_12_31_2015_620690.pdf,43,1,$23.00
LM10_E5091_12_31_2015_620690.pdf,43,2,$22.00
LM10_E5091_12_31_2015_620690.pdf,43,3,$104.00
LM10_E5091_12_31_2015_620690.pdf,44,1,$157.00
LM10_E5091_12_31_2015_620690.pdf,44,2,$8.00
LM10_E5091_12_31_2015_620690.pdf,44,3,$145.00
LM10_E5091_12_31_2015_620690.pdf,45,1,$55.00
LM10_E5091_12_31_2015_620690.pdf,45,2,$17.47
LM10_E5091_12_31_2015_620690.pdf,45,3,$199.00
LM10_E5091_12_31_2015_620690.pdf,45,4,$19.37
LM10_E5140_12_31_2010_449299.pdf,3,1,22
LM10_E5140_12_31_2010_449299.pdf,3,2,25
LM10_E5140_12_31_2010_449299.pdf,3,3,16
LM10_E5140_12_31_2010_449299.pdf,3,4,25
LM10_E5140_12_31_2010_449299.pdf,3,5,25
LM10_E5140_12_31_2010_449299.pdf,4,1,25
LM10_E5140_12_31_2010_449299.pdf,4,2,25
LM10_E5140_12_31_2010_449299.pdf,4,3,25
LM10_E5140_12_31_2010_449299.pdf,4,4,13
LM10_E5140_12_31_2010_449299.pdf,4,5,25
LM10_E5140_12_31_2010_449299.pdf,4,6,25
LM10_E5140_12_31_2010_449299.pdf,4,7,13
LM10_E5140_12_31_2010_449299.pdf,4,8,25
LM10_E5140_12_31_2010_449299.pdf,4,9,25
LM10_E5140_12_31_2010_449299.pdf,4,10,25
LM10_E5140_12_31_2010_449299.pdf,4,11,25
LM10_E5140_12_31_2010_449299.pdf,4,12,25
LM10_E5140_12_31_2010_449299.pdf,4,13,25
LM10_E5140_12_31_2010_449299.pdf,4,14,25
LM10_E5140_12_31_2010_449299.pdf,4,15,25
LM10_E5140_12_31_2010_449299.pdf,4,16,25
LM10_E5140_12_31_2010_449299.pdf,4,17,25
LM10_E5140_12_31_2010_449299.pdf,4,18,25
LM10_E5140_12_31_2010_449299.pdf,4,19,13
LM10_E5140_12_31_2010_449299.pdf,4,20,13
LM10_E5140_12_31_2010_449299.pdf,4,21,25
LM10_E5140_12_31_2010_449299.pdf,4,22,25
LM10_E5140_12_31_2010_449299.pdf,4,23,25
LM10_E5140_12_31_2010_449299.pdf,4,24,25
LM10_E5140_12_31_2010_449299.pdf,5,1,25
LM10_E5140_12_31_2010_449299.pdf,5,2,25
LM10_E5140_12_31_2010_449299.pdf,5,3,22
LM10_E5140_12_31_2010_449299.pdf,5,4,19
LM10_E5140_12_31_2010_449299.pdf,5,5,22
LM10_E5140_12_31_2010_449299.pdf,6,1,25
LM10_E5140_12_31_2010_449299.pdf,6,2,25
LM10_E5140_12_31_2010_449299.pdf,6,3,25
LM10_E5140_12_31_2010_449299.pdf,6,4,25
LM10_E5140_12_31_2010_449299.pdf,6,5,25
LM10_E5140_12_31_2010_449299.pdf,6,6,22
LM10_E5140_12_31_2010_449299.pdf,6,7,25
LM10_E5140_12_31_2010_449299.pdf,6,8,25
LM10_E5140_12_31_2010_449299.pdf,6,9,16
LM10_E5140_12_31_2010_449299.pdf,6,10,25
LM10_E5140_12_31_2010_449299.pdf,6,11,25
LM10_E5140_12_31_2010_449299.pdf,6,12,22
LM10_E5140_12_31_2010_449299.pdf,6,13,25
LM10_E5140_12_31_2010_449299.pdf,6,14,25
LM10_E5140_12_31_2010_449299.pdf,6,15,19
LM10_E5140_12_31_2010_449299.pdf,6,16,25
LM10_E5140_12_31_2010_449299.pdf,6,17,25
LM10_E5140_12_31_2010_449299.pdf,6,18,25
LM10_E5140_12_31_2010_449299.pdf,6,19,25
LM10_E5140_12_31_2010_449299.pdf,6,20,22
LM10_E5140_12_31_2010_449299.pdf,7,1,20
LM10_E5140_12_31_2010_449299.pdf,7,2,888
LM10_E5140_12_31_2010_449299.pdf,7,3,342
LM10_E5140_12_31_2010_449299.pdf,8,1,888
LM10_E5140_12_31_2010_449299.pdf,8,2,342
LM10_E5140_12_31_2010_449299.pdf,9,1,10
LM10_E5140_12_31_2010_449299.pdf,9,2,888
LM10_E5140_12_31_2010_449299.pdf,10,1,5
LM10_E5140_12_31_2010_449299.pdf,10,2,888
LM10_E5140_12_31_2010_449299.pdf,10,3,342
LM10_E5140_12_31_2010_449299.pdf,11,1,888
LM10_E5140_12_31_2010_449299.pdf,11,2,342
LM10_E5140_12_31_2010_449299.pdf,12,1,888
LM10_E5140_12_31_2010_449299.pdf,12,2,342
LM10_E5140_12_31_2010_449299.pdf,13,1,10
LM10_E5140_12_31_2010_449299.pdf,13,2,888
LM10_E5140_12_31_2010_449299.pdf,13,3,342
LM10_E5140_12_31_2010_449299.pdf,14,1,10
LM10_E5140_12_31_2010_449299.pdf,14,2,888
LM10_E5140_12_31_2010_449299.pdf,14,3,342
LM10_E5140_12_31_2010_449299.pdf,15,1,10
LM10_E5140_12_31_2010_449299.pdf,15,2,888
LM10_E5140_12_31_2010_449299.pdf,15,3,342
LM10_E5140_12_31_2010_449299.pdf,16,1,25
LM10_E5140_12_31_2010_449299.pdf,16,2,35
LM10_E5140_12_31_2010_449299.pdf,16,3,888
LM10_E5140_12_31_2010_449299.pdf,16,4,342
LM10_E5140_12_31_2010_449299.pdf,17,1,25
LM10_E5140_12_31_2010_449299.pdf,17,2,15
LM10_E5140_12_31_2010_449299.pdf,17,3,888
LM10_E5140_12_31_2010_449299.pdf,17,4,342
LM10_E5140_12_31_2010_449299.pdf,18,1,25
LM10_E5140_12_31_2010_449299.pdf,18,2,15
LM10_E5140_12_31_2010_449299.pdf,18,3,342
LM10_E5140_12_31_2010_449299.pdf,19,1,20
LM10_E5140_12_31_2010_449299.pdf,19,2,888
LM10_E5140_12_31_2010_449299.pdf,19,3,342
LM10_E5140_12_31_2010_449299.pdf,20,1,15
LM10_E5140_12_31_2010_449299.pdf,20,2,888
LM10_E5140_12_31_2010_449299.pdf,20,3,342
LM10_E5140_12_31_2010_449299.pdf,21,1,5
LM10_E5140_12_31_2010_449299.pdf,21,2,888
LM10_E5140_12_31_2010_449299.pdf,21,3,342
LM10_E5140_12_31_2010_449299.pdf,22,1,40
LM10_E5140_12_31_2010_449299.pdf,22,2,888
LM10_E5140_12_31_2010_449299.pdf,22,3,342
LM10_E5140_12_31_2010_449299.pdf,23,1,10
LM10_E5140_12_31_2010_449299.pdf,23,2,888
LM10_E5140_12_31_2010_449299.pdf,23,3,342
LM10_E5140_12_31_2010_449299.pdf,24,1,50
LM10_E5140_12_31_2010_449299.pdf,24,2,55
LM10_E5140_12_31_2010_449299.pdf,24,3,888
LM10_E5140_12_31_2010_449299.pdf,24,4,342
LM10_E5140_12_31_2010_449299.pdf,25,1,25
LM10_E5140_12_31_2010_449299.pdf,25,2,342
LM10_E5140_12_31_2010_449299.pdf,26,1,20
LM10_E5140_12_31_2010_449299.pdf,26,2,888
LM10_E5140_12_31_2010_449299.pdf,26,3,342
LM10_E5140_12_31_2010_449299.pdf,27,1,25
LM10_E5140_12_31_2010_449299.pdf,27,2,25
LM10_E5140_12_31_2010_449299.pdf,27,3,342
LM10_E5140_12_31_2010_449299.pdf,28,1,888
LM10_E5140_12_31_2010_449299.pdf,28,2,342
LM10_E5140_12_31_2010_449299.pdf,29,1,888
LM10_E5140_12_31_2010_449299.pdf,29,2,342
LM10_E5140_12_31_2010_449299.pdf,30,1,200
LM10_E5140_12_31_2010_449299.pdf,30,2,30
LM10_E5140_12_31_2010_449299.pdf,30,3,888
LM10_E5140_12_31_2010_449299.pdf,30,4,342
LM10_E5140_12_31_2010_449299.pdf,31,1,888
LM10_E5140_12_31_2010_449299.pdf,31,2,342
LM10_E5140_12_31_2010_449299.pdf,32,1,15
LM10_E5140_12_31_2010_449299.pdf,32,2,888
LM10_E5140_12_31_2010_449299.pdf,33,1,50
LM10_E5140_12_31_2010_449299.pdf,33,2,5
LM10_E5140_12_31_2010_449299.pdf,33,3,888
LM10_E5140_12_31_2010_449299.pdf,33,4,342
LM10_E5140_12_31_2010_449299.pdf,34,1,25
LM10_E5140_12_31_2010_449299.pdf,34,2,15
LM10_E5140_12_31_2010_449299.pdf,34,3,888
LM10_E5140_12_31_2010_449299.pdf,34,4,342
LM10_E5140_12_31_2010_449299.pdf,35,1,15
LM10_E5140_12_31_2010_449299.pdf,35,2,342
LM10_E5140_12_31_2010_449299.pdf,36,1,25
LM10_E5140_12_31_2010_449299.pdf,36,2,888
LM10_E5140_12_31_2010_449299.pdf,36,3,342
LM10_E5140_12_31_2010_449299.pdf,37,1,40
LM10_E5140_12_31_2010_449299.pdf,37,2,888
LM10_E5140_12_31_2010_449299.pdf,37,3,342
LM10_E5140_12_31_2010_449299.pdf,38,1,25
LM10_E5140_12_31_2010_449299.pdf,38,2,888
LM10_E5140_12_31_2010_449299.pdf,38,3,342
LM10_E5140_12_31_2010_449299.pdf,39,1,15
LM10_E5140_12_31_2010_449299.pdf,39,2,888
LM10_E5140_12_31_2010_449299.pdf,39,3,342
LM10_E5140_12_31_2010_449299.pdf,40,1,15
LM10_E5140_12_31_2010_449299.pdf,40,2,888
LM10_E5140_12_31_2010_449299.pdf,40,3,342
LM10_E5140_12_31_2010_449299.pdf,41,1,888
LM10_E5140_12_31_2010_449299.pdf,41,2,342
LM10_E5140_12_31_2010_449299.pdf,41,3,0
LM10_E5140_12_31_2010_449299.pdf,42,1,50
LM10_E5140_12_31_2010_449299.pdf,42,2,888
LM10_E5140_12_31_2010_449299.pdf,42,3,324
LM10_E5140_12_31_2010_449299.pdf,43,1,888
LM10_E5140_12_31_2010_449299.pdf,43,2,324
LM10_E5140_12_31_2010_449299.pdf,44,1,25
LM10_E5140_12_31_2010_449299.pdf,44,2,888
LM10_E5140_12_31_2010_449299.pdf,44,3,342
LM10_E5140_12_31_2010_449299.pdf,45,1,"2,083"
LM10_E5140_12_31_2010_449299.pdf,45,2,"2,083"
LM10_E5140_12_31_2010_449299.pdf,45,3,"2,083"
LM10_E5140_12_31_2010_449299.pdf,45,4,"2,083"
LM10_E5140_12_31_2010_449299.pdf,45,5,"2,083"
LM10_E5140_12_31_2010_449299.pdf,46,1,"2,083"
LM10_E5140_12_31_2010_449299.pdf,46,2,0
LM10_E5140_12_31_2010_449299.pdf,47,1,"2,000"
LM10_E5140_12_31_2010_449299.pdf,48,1,601
LM10_E5140_12_31_2010_449299.pdf,48,2,"1,204"
LM10_E5140_12_31_2010_449299.pdf,48,3,"11,000"
LM10_E5140_12_31_2010_449299.pdf,48,4,685
LM10_E5140_12_31_2010_449299.pdf,48,5,685
LM10_E5140_12_31_2010_449299.pdf,49,1,685
LM10_E5140_12_31_2010_449299.pdf,50,1,"2,100"
LM10_E5140_12_31_2010_449299.pdf,50,2,326
LM10_E5140_12_31_2010_449299.pdf,50,3,"1,636"
LM10_E5140_12_31_2010_449299.pdf,50,4,326
LM10_E5140_12_31_2010_449299.pdf,50,5,326
LM10_E5140_12_31_2010_449299.pdf,51,1,326
LM10_E5140_12_31_2010_449299.pdf,51,2,"1,636"
LM10_E5140_12_31_2010_449299.pdf,51,3,326
LM10_E5140_12_31_2010_449299.pdf,51,4,326
LM10_E5140_12_31_2010_449299.pdf,51,5,"1,636"
LM10_E5140_12_31_2010_449299.pdf,52,1,149
LM10_E5140_12_31_2010_449299.pdf,52,2,585
LM10_E5140_12_31_2010_449299.pdf,52,3,585
LM10_E5140_12_31_2010_449299.pdf,52,4,585
LM10_E5140_12_31_2010_449299.pdf,52,5,585
LM10_E5140_12_31_2010_449299.pdf,53,1,585
LM10_E5140_12_31_2010_449299.pdf,53,2,585
LM10_E5140_12_31_2010_449299.pdf,53,3,"1,161"
LM10_E5140_12_31_2010_449299.pdf,53,4,585
LM10_E5140_12_31_2010_449299.pdf,53,5,585
LM10_E5140_12_31_2010_449299.pdf,53,6,585
LM10_E5140_12_31_2010_449299.pdf,53,7,585
LM10_E5140_12_31_2010_449299.pdf,54,1,"2,077"
LM10_E5140_12_31_2010_449299.pdf,54,2,200
LM10_E5140_12_31_2010_449299.pdf,54,3,"2,356"
LM10_E5140_12_31_2010_449299.pdf,54,4,"1,039"
LM10_E5140_12_31_2010_449299.pdf,54,5,"1,178"
LM10_E5140_12_31_2010_449299.pdf,55,1,"1,178"
LM10_E5140_12_31_2010_449299.pdf,55,2,"1,178"
LM10_E5140_12_31_2010_449299.pdf,55,3,"1,178"
LM10_E5140_12_31_2010_449299.pdf,56,1,"6,720"
LM10_E5140_12_31_2010_449299.pdf,57,1,900
LM10_E5140_12_31_2010_449299.pdf,58,1,480
LM10_E5140_12_31_2010_449299.pdf,59,1,500
LM10_E5140_12_31_2010_449299.pdf,60,1,480
LM10_E5140_12_31_2010_449299.pdf,61,1,474
LM10_E5140_12_31_2010_449299.pdf,62,1,474
LM10_E5140_12_31_2010_449299.pdf,63,1,474
LM10_E5140_12_31_2010_449299.pdf,64,1,560
LM10_E5140_12_31_2010_449299.pdf,65,1,480
LM10_E5140_12_31_2010_449299.pdf,66,1,480
LM10_E5140_12_31_2010_449299.pdf,67,1,500
LM10_E5140_12_31_2010_449299.pdf,68,1,400
LM10_E5140_12_31_2010_449299.pdf,69,1,750
LM10_E5140_12_31_2010_449299.pdf,70,1,507
LM10_E5140_12_31_2010_449299.pdf,71,1,"1,000"
LM10_E5140_12_31_2010_449299.pdf,71,2,338
LM10_E5140_12_31_2010_449299.pdf,72,1,600
LM10_E5140_12_31_2010_449299.pdf,73,1,"1,200"
LM10_E5140_12_31_2010_449299.pdf,74,1,500
LM10_E5140_12_31_2010_449299.pdf,75,1,600
LM10_E5140_12_31_2010_449299.pdf,76,1,"1,350"
LM10_E5140_12_31_2010_449299.pdf,77,1,100
LM10_E5140_12_31_2010_449299.pdf,77,2,50
LM10_E5140_12_31_2010_449299.pdf,77,3,150
LM10_E5140_12_31_2010_449299.pdf,78,1,100
LM10_E5140_12_31_2010_449299.pdf,78,2,250
LM10_E5140_12_31_2010_449299.pdf,79,1,100
LM10_E5140_12_31_2010_449299.pdf,79,2,50
LM10_E5140_12_31_2010_449299.pdf,79,3,150
LM10_E5140_12_31_2010_449299.pdf,80,1,250
LM10_E5140_12_31_2010_449299.pdf,80,2,500
LM10_E5140_12_31_2010_449299.pdf,80,3,10
LM10_E5140_12_31_2010_449299.pdf,80,4,600
LM10_E5140_12_31_2010_449299.pdf,81,1,10
LM10_E5140_12_31_2010_449299.pdf,81,2,250
LM10_E5140_12_31_2010_449299.pdf,81,3,600
LM10_E5140_12_31_2010_449299.pdf,83,1,10
LM10_E5140_12_31_2010_449299.pdf,83,2,500
LM10_E5140_12_31_2010_449299.pdf,83,3,600
LM10_E5140_12_31_2010_449299.pdf,86,1,10
LM10_E5140_12_31_2010_449299.pdf,86,2,100
LM10_E5140_12_31_2010_449299.pdf,86,3,600
LM10_E5140_12_31_2010_449299.pdf,88,1,250
LM10_E5140_12_31_2010_449299.pdf,88,2,10
LM10_E5140_12_31_2010_449299.pdf,88,3,600
LM10_E5140_12_31_2010_449299.pdf,88,4,0
LM10_E5140_12_31_2010_449299.pdf,90,1,500
LM10_E5140_12_31_2010_449299.pdf,91,1,500
LM10_E5140_12_31_2010_449299.pdf,91,2,500
LM10_E5140_12_31_2010_449299.pdf,92,1,"1,000"
LM10_E5182_12_31_2019_725911.pdf,3,1,297.21
LM10_E5182_12_31_2019_725911.pdf,4,1,206.78
LM10_E5182_12_31_2019_725911.pdf,5,1,518.43
LM10_E5182_12_31_2019_725911.pdf,7,1,103.39
LM10_E5182_12_31_2019_725911.pdf,8,1,297.21
LM10_E5182_12_31_2019_725911.pdf,9,1,206.78
LM10_E5182_12_31_2019_725911.pdf,10,1,259.22
LM10_E5182_12_31_2019_725911.pdf,11,1,651.27
LM10_E5182_12_31_2019_725911.pdf,12,1,297.21
LM10_E5182_12_31_2019_725911.pdf,13,1,206.78
LM10_E5182_12_31_2019_725911.pdf,14,1,"518,43"
LM10_E5189_12_31_2011_491929.pdf,3,1,$500
LM10_E5189_12_31_2011_491929.pdf,4,1,$300
LM10_E5189_12_31_2011_491929.pdf,5,1,$500
LM10_E5189_12_31_2011_491929.pdf,6,1,$500
LM10_E5189_12_31_2011_491929.pdf,7,1,$500
LM10_E5189_12_31_2011_491929.pdf,8,1,$375
LM10_E5189_12_31_2011_491929.pdf,9,1,$300
LM10_E5189_12_31_2011_491929.pdf,10,1,"2,500"
LM10_E5189_12_31_2011_491929.pdf,10,2,500
LM10_E5189_12_31_2011_491929.pdf,11,1,$350
LM10_E5306_12_31_2013_546124.pdf,13,1,317
LM10_E5306_12_31_2013_546124.pdf,13,2,477.
LM10_E5306_12_31_2013_546124.pdf,13,3,153
LM10_E5306_12_31_2013_546124.pdf,13,4,236
LM10_E5367_12_31_2009_426238.pdf,3,1,500
LM10_E5367_12_31_2009_426238.pdf,4,1,500
LM10_E5367_12_31_2009_426238.pdf,5,1,425
LM10_E5390_12_31_2007_353502.pdf,3,1,350
LM10_E5390_12_31_2007_353502.pdf,3,2,o
LM10_E5390_12_31_2007_353502.pdf,3,3,0
LM10_E5390_12_31_2007_353502.pdf,4,1,"1,500"
LM10_E5390_12_31_2007_353502.pdf,4,2,0
LM10_E5390_12_31_2007_353502.pdf,4,3,0
LM10_E5390_12_31_2007_353502.pdf,5,1,500
LM10_E5390_12_31_2007_353502.pdf,5,2,0
LM10_E5390_12_31_2007_353502.pdf,5,3,0
LM10_E5390_12_31_2007_353502.pdf,6,1,"1,000"
LM10_E5390_12_31_2007_353502.pdf,6,2,0
LM10_E5390_12_31_2007_353502.pdf,6,3,0
LM10_E5390_12_31_2007_353502.pdf,7,1,"1,600"
LM10_E5390_12_31_2007_353502.pdf,7,2,0
LM10_E5390_12_31_2007_353502.pdf,7,3,0
LM10_E5445_12_31_2005.pdf,3,1,$363.30
LM10_E5509_12_31_2017_679887.pdf,3,1,260
LM10_E5509_12_31_2017_679887.pdf,3,2,153
LM10_E5523_12_31_2008_388943.pdf,3,1,250
LM10_E5523_12_31_2008_388943.pdf,4,1,70
LM10_E5523_12_31_2008_388943.pdf,4,2,231
LM10_E5523_12_31_2008_388943.pdf,5,1,500
LM10_E5523_12_31_2008_388943.pdf,6,1,70
LM10_E5523_12_31_2008_388943.pdf,6,2,231
LM10_E5539_12_31_2005.pdf,3,1,171
LM10_E5620_12_31_2006_320007.pdf,3,1,"1,200"
LM10_E5620_12_31_2006_320007.pdf,3,2,"1,200"
LM10_E5620_12_31_2006_320007.pdf,4,1,160
LM10_E5620_12_31_2006_320007.pdf,4,2,250
LM10_E5624_12_31_2009_426198.pdf,3,1,"2,000"
LM10_E5624_12_31_2009_426198.pdf,4,1,200
LM10_E5624_12_31_2009_426198.pdf,4,2,324
LM10_E5790_04_30_2005.pdf,3,1,247
LM10_E5790_04_30_2005.pdf,3,2,206
LM10_E5790_04_30_2005.pdf,3,3,247
LM10_E5790_04_30_2005.pdf,3,4,247
LM10_E5790_04_30_2005.pdf,3,5,247
LM10_E5790_04_30_2005.pdf,4,1,289
LM10_E5790_04_30_2005.pdf,4,2,990
LM10_E5790_04_30_2005.pdf,4,3,885
LM10_E5790_04_30_2005.pdf,4,4,128
LM10_E5790_04_30_2005.pdf,4,5,29
LM10_E5790_04_30_2005.pdf,4,6,746
LM10_E5790_04_30_2005.pdf,4,7,171
LM10_E5790_04_30_2005.pdf,4,8,23
LM10_E5790_04_30_2005.pdf,4,9,165
LM10_E5790_04_30_2005.pdf,4,10,247
LM10_E5790_04_30_2005.pdf,5,1,218
LM10_E5790_04_30_2005.pdf,5,2,160
LM10_E5790_04_30_2005.pdf,5,3,239
LM10_E5790_04_30_2005.pdf,5,4,262
LM10_E5790_04_30_2005.pdf,5,5,257
LM10_E5790_04_30_2005.pdf,6,1,239
LM10_E5790_04_30_2005.pdf,6,2,239
LM10_E5790_04_30_2005.pdf,6,3,653
LM10_E5790_04_30_2005.pdf,6,4,885
LM10_E5790_04_30_2005.pdf,6,5,182
LM10_E5790_04_30_2005.pdf,6,6,19
LM10_E5790_04_30_2005.pdf,6,7,746
LM10_E5790_04_30_2005.pdf,6,8,220
LM10_E5790_04_30_2005.pdf,6,9,36
LM10_E5790_04_30_2005.pdf,6,10,218
LM10_E5790_04_30_2005.pdf,6,11,239
LM10_E6073_6_30_2010_438447.pdf,3,1,700
LM10_E6073_6_30_2010_438447.pdf,3,2,0
LM10_E6073_6_30_2010_438447.pdf,4,1,"2,228"
LM10_E6073_6_30_2010_438447.pdf,5,1,"4,272"
LM10_E6073_6_30_2010_438447.pdf,5,2,0
LM10_E6073_6_30_2010_438447.pdf,6,1,"18,962"
LM10_E6073_6_30_2010_438447.pdf,6,2,"3,670"
LM10_E6073_6_30_2010_438447.pdf,7,1,375
LM10_E6073_6_30_2010_438447.pdf,8,1,278
LM10_E6073_6_30_2010_438447.pdf,9,1,600
LM10_E6073_6_30_2010_438447.pdf,9,2,86
LM10_E6073_6_30_2010_438447.pdf,10,1,"1,200"
LM10_E6264_12_31_2007_351857.pdf,3,1,"8,801"
LM10_E6264_12_31_2007_351857.pdf,3,2,"1,000"
LM10_E6264_12_31_2007_351857.pdf,3,3,"15,279"
LM10_E6294_12_31_2013_560679.pdf,3,1,"20,000"
LM10_E6294_12_31_2013_560679.pdf,3,2,0
LM10_E6294_12_31_2013_560679.pdf,3,3,0
LM10_E6294_12_31_2013_560679.pdf,3,4,0
LM10_E6294_12_31_2013_560679.pdf,3,5,o
LM10_E6294_12_31_2013_560679.pdf,4,1,"1,000"
LM10_E6294_12_31_2013_560679.pdf,4,2,"1,000"
LM10_E6294_12_31_2013_560679.pdf,4,3,0
LM10_E6294_12_31_2013_560679.pdf,4,4,0
LM10_E6294_12_31_2013_560679.pdf,4,5,0
LM10_E6294_12_31_2013_560679.pdf,5,1,"1,000"
LM10_E6294_12_31_2013_560679.pdf,5,2,0
LM10_E6294_12_31_2013_560679.pdf,5,3,0
LM10_E6294_12_31_2013_560679.pdf,5,4,o
LM10_E6294_12_31_2013_560679.pdf,5,5,0
LM10_E6294_12_31_2013_560679.pdf,6,1,"10,500"
LM10_E6294_12_31_2013_560679.pdf,6,2,"10,500"
LM10_E6294_12_31_2013_560679.pdf,6,3,"10,500"
LM10_E6294_12_31_2013_560679.pdf,6,4,"10,500"
LM10_E6294_12_31_2013_560679.pdf,6,5,0
LM10_E6294_12_31_2013_560679.pdf,7,1,"6,000"
LM10_E6294_12_31_2013_560679.pdf,7,2,0
LM10_E6294_12_31_2013_560679.pdf,7,3,0
LM10_E6294_12_31_2013_560679.pdf,7,4,0
LM10_E6294_12_31_2013_560679.pdf,7,5,0
LM10_E6294_12_31_2013_560679.pdf,8,1,"8,5001"
LM10_E6294_12_31_2013_560679.pdf,8,2,0
LM10_E6294_12_31_2013_560679.pdf,8,3,0
LM10_E6294_12_31_2013_560679.pdf,8,4,o
LM10_E6294_12_31_2013_560679.pdf,8,5,0
LM10_E6294_12_31_2013_560679.pdf,9,1,"7,577"
LM10_E6294_12_31_2013_560679.pdf,9,2,0
LM10_E6294_12_31_2013_560679.pdf,9,3,0
LM10_E6294_12_31_2013_560679.pdf,9,4,o
LM10_E6294_12_31_2013_560679.pdf,9,5,0
LM10_E6294_12_31_2013_560679.pdf,10,1,"2,000"
LM10_E6294_12_31_2013_560679.pdf,10,2,0
LM10_E6294_12_31_2013_560679.pdf,10,3,0
LM10_E6294_12_31_2013_560679.pdf,10,4,0
LM10_E6294_12_31_2013_560679.pdf,10,5,o
LM10_E6294_12_31_2013_560679.pdf,11,1,887
LM10_E6294_12_31_2013_560679.pdf,11,2,"7,500"
LM10_E6294_12_31_2013_560679.pdf,11,3,0
LM10_E6294_12_31_2013_560679.pdf,11,4,0
LM10_E6294_12_31_2013_560679.pdf,11,5,0
LM10_E6294_12_31_2013_560679.pdf,12,1,"9,500"
LM10_E6294_12_31_2013_560679.pdf,12,2,0
LM10_E6294_12_31_2013_560679.pdf,12,3,0
LM10_E6294_12_31_2013_560679.pdf,12,4,0
LM10_E6294_12_31_2013_560679.pdf,12,5,0
LM10_E6294_12_31_2013_560679.pdf,13,1,"16,000"
LM10_E6294_12_31_2013_560679.pdf,13,2,0
LM10_E6294_12_31_2013_560679.pdf,13,3,0
LM10_E6294_12_31_2013_560679.pdf,13,4,0
LM10_E6294_12_31_2013_560679.pdf,13,5,o
LM10_E6294_12_31_2013_560679.pdf,14,1,"2,700"
LM10_E6294_12_31_2013_560679.pdf,14,2,0
LM10_E6294_12_31_2013_560679.pdf,14,3,0
LM10_E6294_12_31_2013_560679.pdf,14,4,o
LM10_E6294_12_31_2013_560679.pdf,14,5,0
LM10_E6294_12_31_2013_560679.pdf,15,1,"25,844"
LM10_E6294_12_31_2013_560679.pdf,15,2,0
LM10_E6294_12_31_2013_560679.pdf,15,3,0
LM10_E6294_12_31_2013_560679.pdf,15,4,0
LM10_E6294_12_31_2013_560679.pdf,15,5,0
LM10_E6294_12_31_2013_560679.pdf,16,1,"4,000"
LM10_E6294_12_31_2013_560679.pdf,16,2,0
LM10_E6294_12_31_2013_560679.pdf,16,3,0
LM10_E6294_12_31_2013_560679.pdf,16,4,0
LM10_E6294_12_31_2013_560679.pdf,16,5,0;
LM10_E6294_12_31_2013_560679.pdf,17,1,"1,300"
LM10_E6294_12_31_2013_560679.pdf,17,2,0
LM10_E6294_12_31_2013_560679.pdf,17,3,0
LM10_E6294_12_31_2013_560679.pdf,17,4,0
LM10_E6294_12_31_2013_560679.pdf,17,5,0
LM10_E6294_12_31_2013_560679.pdf,18,1,"3,000"
LM10_E6294_12_31_2013_560679.pdf,18,2,0;
LM10_E6294_12_31_2013_560679.pdf,18,3,0
LM10_E6294_12_31_2013_560679.pdf,18,4,0
LM10_E6294_12_31_2013_560679.pdf,18,5,0
LM10_E63912_12_31_2007_357449.pdf,3,1,178
LM10_E63912_12_31_2007_357449.pdf,3,2,85
LM10_E63912_12_31_2007_357449.pdf,3,3,106
LM10_E63912_12_31_2009_414863.pdf,3,1,750
LM10_E63912_12_31_2009_414863.pdf,3,2,500
LM10_E63912_12_31_2009_414863.pdf,4,1,400
LM10_E63912_12_31_2009_414863.pdf,4,2,"2,000"
LM10_E63912_12_31_2009_414863.pdf,4,3,"1,500"
LM10_E63912_12_31_2009_414863.pdf,5,1,550
LM10_E63912_12_31_2009_414863.pdf,5,2,500
LM10_E63912_12_31_2009_414863.pdf,5,3,500
LM10_E63912_12_31_2009_414863.pdf,6,1,"2,500"
LM10_E6392_3_31_2012_499170.pdf,3,1,"1,023"
LM10_E6392_3_31_2012_499170.pdf,3,2,"1,400"
LM10_E6392_3_31_2012_499170.pdf,3,3,0
LM10_E6392_3_31_2012_499170.pdf,4,1,400
LM10_E6392_3_31_2012_499170.pdf,4,2,0
LM10_E6392_3_31_2012_499170.pdf,4,3,0
LM10_E6392_3_31_2012_499170.pdf,4,4,0
LM10_E6392_3_31_2012_499170.pdf,4,5,0
LM10_E6392_3_31_2012_499170.pdf,5,1,"2,191"
LM10_E6392_3_31_2012_499170.pdf,5,2,218
LM10_E6392_3_31_2012_499170.pdf,5,3,"1,600"
LM10_E6392_3_31_2012_499170.pdf,5,4,175
LM10_E6392_3_31_2012_499170.pdf,6,1,52
LM10_E6392_3_31_2012_499170.pdf,6,2,0
LM10_E63944_12_31_2017_673978.pdf,3,1,"1,000"
LM10_E63944_12_31_2017_673978.pdf,4,1,300
LM10_E63967_12_31_2007_345494.pdf,3,1,"10,000"
LM10_E6397_02_28_2007_331253.pdf,3,1,"1,500"
LM10_E6397_02_28_2007_331253.pdf,4,1,"1,485"
LM10_E6397_02_28_2007_331253.pdf,5,1,350
LM10_E6397_02_28_2007_331253.pdf,6,1,"2,500"
LM10_E6397_02_28_2007_331253.pdf,7,1,400
LM10_E6397_02_28_2007_331253.pdf,8,1,"3,000"
LM10_E6397_02_28_2007_331253.pdf,8,2,"2,000"
LM10_E6397_02_28_2007_331253.pdf,9,1,500
LM10_E6397_02_28_2007_331253.pdf,10,1,885
LM10_E6397_02_28_2007_331253.pdf,11,1,"1,500"
LM10_E6397_02_28_2007_331253.pdf,12,1,820
LM10_E6397_02_28_2007_331253.pdf,13,1,500
LM10_E6397_02_28_2007_331253.pdf,15,1,610
LM10_E6397_02_28_2007_331253.pdf,16,1,315
LM10_E6397_02_28_2007_331253.pdf,17,1,315
LM10_E6397_02_28_2007_331253.pdf,18,1,315
LM10_E6397_02_28_2007_331253.pdf,19,1,315
LM10_E6397_02_28_2007_331253.pdf,19,2,380
LM10_E6397_02_28_2007_331253.pdf,20,1,900
LM10_E6397_02_28_2007_331253.pdf,20,2,900
LM10_E6397_02_28_2007_331253.pdf,21,1,900
LM10_E6397_02_28_2007_331253.pdf,22,1,900
LM10_E6397_02_28_2007_331253.pdf,23,1,900
LM10_E6397_02_28_2007_331253.pdf,24,1,900
LM10_E6397_02_28_2007_331253.pdf,24,2,900
LM10_E6397_02_28_2007_331253.pdf,25,1,900
LM10_E6397_02_28_2007_331253.pdf,26,1,900
LM10_E6397_02_28_2007_331253.pdf,27,1,290
LM10_E6397_02_28_2007_331253.pdf,28,1,290
LM10_E6397_02_28_2007_331253.pdf,29,1,290
LM10_E6397_02_28_2007_331253.pdf,30,1,290
LM10_E6397_02_28_2007_331253.pdf,31,1,380
LM10_E6397_02_28_2007_331253.pdf,32,1,380
LM10_E6397_02_28_2007_331253.pdf,33,1,380
LM10_E6397_02_28_2007_331253.pdf,34,1,"1,000"
LM10_E63990_12_31_2016_646089.pdf,3,1,500
LM10_E63990_12_31_2016_646089.pdf,4,1,400
LM10_E63990_12_31_2016_646089.pdf,5,1,500
LM10_E63990_12_31_2016_646089.pdf,6,1,400
LM10_E63990_12_31_2016_646089.pdf,7,1,300
LM10_E63990_12_31_2016_646089.pdf,7,2,o
LM10_E63990_12_31_2016_646089.pdf,8,1,500
LM10_E63990_12_31_2016_646089.pdf,9,1,500
LM10_E63990_12_31_2016_646089.pdf,9,2,o
LM10_E63990_12_31_2016_646089.pdf,9,3,"1,000"
LM10_E63990_12_31_2016_646089.pdf,10,1,250
LM10_E63990_12_31_2016_646089.pdf,11,1,200
LM10_E63990_12_31_2016_646089.pdf,12,1,0
LM10_E63990_12_31_2016_646089.pdf,13,1,O
LM10_E64007_12_31_2015_607857.pdf,3,1,18
LM10_E64007_12_31_2015_607857.pdf,3,2,69
LM10_E64007_12_31_2015_607857.pdf,3,3,11
LM10_E64007_12_31_2015_607857.pdf,3,4,11
LM10_E64007_12_31_2015_607857.pdf,3,5,50
LM10_E64007_12_31_2015_607857.pdf,4,1,14
LM10_E64007_12_31_2015_607857.pdf,4,2,11
LM10_E64007_12_31_2015_607857.pdf,4,3,74
LM10_E64007_12_31_2015_607857.pdf,4,4,13
LM10_E64050_12_31_2017_675564.pdf,3,1,250)
LM10_E64050_12_31_2017_675564.pdf,3,2,500
LM10_E64050_12_31_2017_675564.pdf,3,3,250
LM10_E64050_12_31_2017_675564.pdf,3,4,250
LM10_E64050_12_31_2017_675564.pdf,3,5,250
LM10_E64050_12_31_2017_675564.pdf,4,1,500
LM10_E64050_12_31_2017_675564.pdf,4,2,0
LM10_E64050_12_31_2017_675564.pdf,4,3,0
LM10_E64050_12_31_2017_675564.pdf,5,1,188
LM10_E64050_12_31_2017_675564.pdf,5,2,259
LM10_E64050_12_31_2017_675564.pdf,5,3,260
LM10_E64050_12_31_2017_675564.pdf,5,4,"1,040"
LM10_E64050_12_31_2017_675564.pdf,5,5,628
LM10_E64050_12_31_2017_675564.pdf,6,1,452
LM10_E64050_12_31_2017_675564.pdf,6,2,179
LM10_E64050_12_31_2017_675564.pdf,6,3,190
LM10_E64050_12_31_2017_675564.pdf,7,1,"15,000"
LM10_E64050_12_31_2017_675564.pdf,8,1,"2,750)"
LM10_E64050_12_31_2017_675564.pdf,9,1,"1,250"
LM10_E64050_12_31_2017_675564.pdf,10,1,"1,000"
LM10_E64050_12_31_2017_675564.pdf,11,1,"1,500"
LM10_E64050_12_31_2017_675564.pdf,12,1,"1,500"
LM10_E64050_12_31_2017_675564.pdf,13,1,"1,175"
LM10_E64050_12_31_2017_675564.pdf,14,1,1;610
LM10_E64061_12_31_2009_422112.pdf,3,1,400
LM10_E64070_01_01_2008_359434.pdf,3,1,"1,920"
LM10_E64077_12_31_2007_359441.pdf,3,1,"1,700"
LM10_E64077_12_31_2007_359441.pdf,4,1,500
LM10_E64202_12_31_2011_479427.pdf,3,1,"7,500"
LM10_E64202_12_31_2011_479427.pdf,3,2,"1,500"
LM10_E64202_12_31_2011_479427.pdf,3,3,"1,500"
LM10_E64202_12_31_2011_479427.pdf,4,1,"1,500"
LM10_E64202_12_31_2011_479427.pdf,4,2,"1,500"
LM10_E64236_12_31_2009_422809.pdf,3,1,"1,660"
LM10_E64236_12_31_2009_422809.pdf,3,2,"1,475"
LM10_E64250_12_31_2008_392051.pdf,3,1,950
LM10_E64250_12_31_2008_392051.pdf,3,2,350
LM10_E64250_12_31_2008_392051.pdf,3,3,"2,266"
LM10_E64275_12_31_2008_447688.pdf,3,1,"2,500"
LM10_E64275_12_31_2008_447688.pdf,3,2,"4,259"
LM10_E64275_12_31_2008_447688.pdf,3,3,"4,781"
LM10_E64275_12_31_2008_447688.pdf,3,4,"20,818"
LM10_E64325_12_31_2013_575535.pdf,3,1,500
LM10_E64328_12_31_2009_410418.pdf,3,1,500
LM10_E64373_12_31_2008_412859.pdf,3,1,"1,250"
LM10_E64373_12_31_2008_412859.pdf,3,2,"35,105"
LM10_E64373_12_31_2008_412859.pdf,3,3,"10,512"
LM10_E64395_12_31_2009_440917.pdf,3,1,"49,862.54"
LM10_E64411_12_31_2008_439799.pdf,3,1,"24,843"
LM-10_E64435_12_31_2009_425147.pdf,3,1,"1,236"
LM-10_E64435_12_31_2009_425147.pdf,3,2,433
LM-10_E64435_12_31_2009_425147.pdf,3,3,240
LM-10_E64435_12_31_2009_425147.pdf,4,1,"33,775"
LM10_E64472_01_01_2011_508191.pdf,3,1,340
LM10_E64472_01_01_2011_508191.pdf,4,1,600
LM10_E64499_12_31_2012_537132.pdf,3,1,"7,493"
LM10_E64543_12_31_2008_433269.pdf,3,1,"2,742"
LM10_E64612_6_30_2009_441373.pdf,3,1,"$21,692.18"
LM10_E64612_6_30_2009_441373.pdf,3,2,"$9,932.68"
LM10_E64653_12_31_2013_552619.pdf,4,1,0
LM10_E64653_12_31_2013_552619.pdf,4,2,0
LM10_E64653_12_31_2013_552619.pdf,4,3,0
LM10_E64653_12_31_2013_552619.pdf,4,4,0
LM10_E64653_12_31_2013_552619.pdf,4,5,0
LM10_E64653_12_31_2013_552619.pdf,5,1,75
LM10_E64653_12_31_2013_552619.pdf,5,2,25
LM10_E64724_12_31_2014_575711.pdf,3,1,"4,230"
LM10_E64724_12_31_2014_575711.pdf,3,2,"1,160"
LM10_E64733_12_31_2010_457348.pdf,3,1,"4,879"
LM10_E64733_12_31_2010_457348.pdf,3,2,454
LM10_E64766_12_31_2009_460749.pdf,3,1,"8,500"
LM10_E64766_12_31_2009_460749.pdf,3,2,"11,000"
LM10_E64766_12_31_2009_460749.pdf,3,3,"7,500"
LM10_E64789_12_31_2010_464125.pdf,3,1,500-00
LM10_E64789_12_31_2010_464125.pdf,3,2,2000.00
LM10_E64789_12_31_2010_464125.pdf,3,3,2500.00
LM10_E64817_06_30_2015_599825.pdf,3,1,"12,841"
LM10_E64888_12_31_2012_537401.pdf,3,1,"20,314"
LM10_E64920_12_31_2011_475874.pdf,3,1,"2,099"
LM10_E65038_6_30_2012_506254.pdf,3,1,"21,608.62"
LM10_E65103_12_31_2012_509985.pdf,3,1,"3,446"
LM10_E65103_12_31_2012_509985.pdf,3,2,"2,578"
LM10_E65789_12_31_2013_542428.pdf,3,1,"32,980"
LM10_E66114_06_28_2014_561287.pdf,3,1,"94,000"
LM10_E66114_06_28_2014_561287.pdf,3,2,"44,000"
LM10_E66114_06_28_2014_561287.pdf,3,3,"2,168"
LM10_E66114_06_28_2014_561287.pdf,4,1,"11,721"
LM10_E66114_06_28_2014_561287.pdf,4,2,"6,095"
LM10_E66114_06_28_2014_561287.pdf,5,1,"11,320"
LM10_E66187_12_31_2013_575119.pdf,3,1,"5,000"
LM10_E66187_12_31_2013_575119.pdf,3,2,"5,000"
LM10_E66187_12_31_2013_575119.pdf,3,3,"5,100"
LM10_E66247_12_31_2014_576676.pdf,3,1,"22,216"
LM10_E66337_12_31_2015_620275.pdf,3,1,"59,533"
LM10_E66337_12_31_2015_620275.pdf,3,2,"164,588"
LM10_E66461_12_31_2015_620405.pdf,3,1,"1,750"
LM10_E66461_12_31_2015_620405.pdf,4,1,"10,000"
LM10_E66461_12_31_2015_620405.pdf,4,2,0
LM10_E66515_12_31_2014_590291.pdf,3,1,"$18,055.16"
LM10_E66515_12_31_2014_590291.pdf,3,2,"$6,772.41"
LM10_E66730_09_30_2015_602829.pdf,3,1,"16,200"
LM10_E66730_09_30_2015_602829.pdf,3,2,0
LM10_E66730_09_30_2015_602829.pdf,3,3,0
LM10_E66730_09_30_2015_602829.pdf,3,4,0
LM10_E66730_09_30_2015_602829.pdf,3,5,0
LM10_E66784_12_31_2015_605414.pdf,3,1,"50,323"
LM10_E66784_12_31_2015_605414.pdf,3,2,978
LM10_E66784_12_31_2015_605414.pdf,3,3,"28,623"
LM10_E66935_01_02_2016_619024.pdf,3,1,"73,425"
LM10_E66935_01_02_2016_619024.pdf,4,1,"18,003"
LM10_E66935_01_02_2016_619024.pdf,4,2,"18,601"
LM10_E67011_12_31_2015_619975.pdf,3,1,"1,260"
LM10_E67011_12_31_2015_619975.pdf,4,1,"1,815"
LM10_E67011_12_31_2015_619975.pdf,5,1,300
LM10_E67484_12_31_2016_638205.pdf,3,1,493
LM10_E67484_12_31_2016_638205.pdf,4,1,493
LM10_E67484_12_31_2016_638205.pdf,5,1,493
LM10_E67484_12_31_2016_638205.pdf,6,1,493
LM10_E67780_06_30_2017_657264.pdf,3,1,"2,900"
LM10_E67780_06_30_2017_657264.pdf,4,1,"2,900"
LM10_E67780_06_30_2017_657264.pdf,5,1,"5,000"
LM10_E67780_06_30_2017_657264.pdf,6,1,"2,000"
LM10_E67780_06_30_2017_657264.pdf,7,1,450
LM10_E67780_06_30_2017_657264.pdf,7,2,o
LM10_E67780_06_30_2017_657264.pdf,8,1,"4,500"
LM10_E67780_06_30_2017_657264.pdf,8,2,"4,800"
LM10_E67780_06_30_2017_657264.pdf,9,1,"2,500"
LM10_E67780_06_30_2017_657264.pdf,10,1,"1,800"
LM10_E67780_06_30_2017_657264.pdf,11,1,"2,500"
LM10_E67780_06_30_2017_657264.pdf,12,1,"2,500"
LM10_E67780_06_30_2017_657264.pdf,12,2,"5,000"
LM10_E67780_06_30_2017_657264.pdf,13,1,"2,500"
LM10_E67780_06_30_2017_657264.pdf,14,1,250
LM10_E67780_06_30_2017_657264.pdf,14,2,500
LM10_E67780_06_30_2017_657264.pdf,15,1,"2,300"
LM10_E67780_06_30_2017_657264.pdf,15,2,"5,000"
LM10_E67780_06_30_2017_657264.pdf,16,1,"1,000"
LM10_E67780_06_30_2017_657264.pdf,17,1,"5,000"
LM10_E67818_09_27_2015_659903.pdf,3,1,0
LM10_E67818_09_27_2015_659903.pdf,3,2,"14,182"
LM10_E67818_09_27_2015_659903.pdf,3,3,o
LM10_E67872_12_31_2017_664821.pdf,3,1,408
LM10_E67872_12_31_2017_664821.pdf,3,2,408
LM10_E67872_12_31_2017_664821.pdf,4,1,780
LM10_E67872_12_31_2017_664821.pdf,5,1,360
LM10_E67872_12_31_2017_664821.pdf,5,2,0
LM10_E67981_12_31_2017_671496.pdf,3,1,"13,086"
LM10_E68060_01_28_2017_674859.pdf,3,1,"15,000"
LM10_E68060_01_28_2017_674859.pdf,3,2,"9,000"
LM10_E68060_01_28_2017_674859.pdf,3,3,"3,186"
LM10_E68098_12_31_2017_675648.pdf,3,1,"$30,945.18"
LM10_E68315_01_31_2019_703737.pdf,3,1,"$35,453.59"
LM10_E68315_01_31_2019_703737.pdf,3,2,"$10,575.12"
LM10_E68484_12_31_2018_698614.pdf,3,1,"20,863"
LM10_E68484_12_31_2018_698614.pdf,3,2,"5,680"
LM10_E68682_06_30_2018_705800.pdf,3,1,"35,318"
LM10_E68682_06_30_2018_705800.pdf,3,2,"85,478"
LM10_E68682_06_30_2018_705800.pdf,3,3,"44,920"
